County,MedianFamilyIncome,LATracts_half,LATracts1,HUNVFlag
Abbeville County,45573.0,1,1,0.6666666666666666
Acadia Parish,47378.0,6,3,0.3333333333333333
Accomack County,54505.0,0,0,0.875
Ada County,77344.0,54,31,0.1864406779661017
Adair County,49225.0,4,2,0.14285714285714285
Adams County,66327.0,123,60,0.15675675675675677
Addison County,77818.5,2,2,0.0
Aiken County,54324.5,17,14,0.46875
Aitkin County,56317.0,0,0,0.16666666666666666
Alachua County,64528.5,35,20,0.3392857142857143
Alamance County,63263.5,24,18,0.19444444444444445
Alameda County,109137.0,228,60,0.12640449438202248
Alamosa County,62708.5,2,2,0.25
Albany County,85123.5,69,35,0.2857142857142857
Albemarle County,95319.0,8,4,0.09523809523809523
Alcona County,49766.0,0,0,0.0
Alcorn County,52045.0,2,2,0.2857142857142857
Aleutians East Borough,77941.0,0,0,1.0
Aleutians West Census Area,79297.0,0,0,0.5
Alexander County,50268.0,4,4,0.18181818181818182
Alexandria city,141428.5,14,0,0.02631578947368421
Alfalfa County,70938.0,0,0,0.0
Alger County,58690.0,0,0,0.0
Allamakee County,67321.0,1,0,0.0
Allegan County,69195.5,9,7,0.20833333333333334
Allegany County,57604.0,14,9,0.42857142857142855
Alleghany County,55163.0,1,1,0.2222222222222222
Allegheny County,74850.5,317,145,0.3626943005181347
Allen County,60433.0,102,60,0.23357664233576642
Allen Parish,50417.0,2,1,0.2
Allendale County,44412.0,0,0,0.6666666666666666
Alpena County,57917.0,5,1,0.3333333333333333
Alpine County,82813.0,0,0,0.0
Amador County,74083.0,0,0,0.2222222222222222
Amelia County,73719.5,0,0,0.5
Amherst County,58375.0,4,2,0.0
Amite County,46661.0,0,0,0.6666666666666666
Anchorage Municipality,92778.0,52,24,0.21818181818181817
Anderson County,62054.0,37,30,0.3424657534246575
Andrew County,65032.0,1,1,0.25
Andrews County,80983.5,2,2,0.25
Androscoggin County,64886.5,9,4,0.14285714285714285
Angelina County,55399.0,8,7,0.29411764705882354
Anne Arundel County,114030.5,94,63,0.11764705882352941
Anoka County,94046.0,68,47,0.1686746987951807
Anson County,48797.5,1,1,0.6666666666666666
Antelope County,64338.0,0,0,0.0
Antrim County,63250.0,0,0,0.0
Apache County,33819.5,1,1,0.625
Appanoose County,55227.0,2,0,0.0
Appling County,47258.0,2,2,0.4
Appomattox County,68238.0,0,0,0.3333333333333333
Aransas County,57835.0,3,2,0.2
Arapahoe County,86944.0,133,38,0.06802721088435375
Archer County,69375.0,0,0,0.0
Archuleta County,61316.5,1,1,0.0
Arenac County,51000.0,0,0,0.0
Arkansas County,56199.5,4,4,0.25
Arlington County,151480.0,27,3,0.12280701754385964
Armstrong County,60210.5,5,2,0.2
Aroostook County,51172.5,1,1,0.16666666666666666
Arthur County,66250.0,0,0,0.0
Ascension Parish,75403.5,12,12,0.2857142857142857
Ashe County,50196.5,1,1,0.6666666666666666
Ashland County,61214.0,5,3,0.1111111111111111
Ashley County,51458.0,2,2,0.2857142857142857
Ashtabula County,57989.0,13,11,0.52
Asotin County,60745.0,5,1,0.0
Assumption Parish,53437.5,0,0,0.3333333333333333
Atascosa County,57229.5,3,2,0.625
Atchison County,64402.0,3,1,0.16666666666666666
Athens County,56271.5,4,3,0.42857142857142855
Atkinson County,41765.0,0,0,0.3333333333333333
Atlantic County,80242.0,47,27,0.36764705882352944
Atoka County,48173.5,0,0,0.25
Attala County,45242.0,2,2,0.3333333333333333
Audrain County,51250.0,3,3,0.2857142857142857
Audubon County,60795.0,0,0,0.0
Auglaize County,73000.0,5,4,0.18181818181818182
Augusta County,72143.0,4,4,0.5384615384615384
Aurora County,69135.0,0,0,0.0
Austin County,78993.0,0,0,0.16666666666666666
Autauga County,70064.0,7,7,0.25
Avery County,51467.0,0,0,0.0
Avoyelles Parish,53839.0,2,2,0.5555555555555556
Baca County,48463.0,0,0,0.0
Bacon County,48404.0,0,0,0.6666666666666666
Bailey County,52674.0,0,0,0.0
Baker County,58437.5,4,3,0.16666666666666666
Baldwin County,64688.0,19,17,0.3076923076923077
Ballard County,59145.0,0,0,0.3333333333333333
Baltimore County,90518.0,181,78,0.1674641148325359
Baltimore city,53494.0,112,18,0.44559585492227977
Bamberg County,52726.0,1,1,0.5
Bandera County,65865.0,0,0,0.0
Banks County,55414.5,0,0,0.25
Banner County,64432.0,0,0,0.0
Bannock County,54963.0,17,13,0.045454545454545456
Baraga County,53879.5,0,0,0.0
Barber County,61791.5,0,0,0.0
Barbour County,47833.0,3,2,0.38461538461538464
Barnes County,83583.5,2,0,0.25
Barnstable County,90805.0,48,40,0.17857142857142858
Barnwell County,49856.0,0,0,0.6
Barren County,49372.5,3,2,0.2
Barron County,63722.5,3,3,0.2
Barrow County,61938.0,11,10,0.0
Barry County,66343.0,2,2,0.2777777777777778
Bartholomew County,72273.0,11,9,0.2
Barton County,60369.0,7,3,0.18181818181818182
Bartow County,61538.0,6,6,0.4
Bastrop County,74950.0,3,3,0.4
Bates County,59060.0,1,1,0.25
Bath County,48337.0,0,0,0.25
Baxter County,50050.0,3,3,0.0
Bay County,62750.0,51,33,0.3333333333333333
Bayfield County,62500.0,0,0,0.0
Baylor County,55592.0,0,0,0.0
Beadle County,65657.5,4,1,0.0
Bear Lake County,63625.0,0,0,0.0
Beaufort County,72260.5,31,26,0.22
Beauregard Parish,57273.0,4,3,0.42857142857142855
Beaver County,69625.0,32,25,0.2909090909090909
Beaverhead County,68000.0,1,0,0.0
Becker County,71045.5,2,2,0.3
Beckham County,64092.0,2,2,0.5
Bedford County,60341.0,9,9,0.16216216216216217
Bee County,48828.0,4,3,0.2857142857142857
Belknap County,84125.0,4,3,0.2
Bell County,53639.0,52,35,0.34285714285714286
Belmont County,64293.5,12,7,0.35
Beltrami County,58385.5,3,2,0.3
Ben Hill County,45729.0,2,2,0.6
Benewah County,54056.5,0,0,0.0
Bennett County,53130.0,0,0,0.0
Bennington County,71562.5,2,1,0.25
Benson County,55182.0,0,0,0.0
Bent County,42883.0,0,0,1.0
Benton County,69442.0,75,53,0.13432835820895522
Benzie County,67500.0,0,0,0.0
Bergen County,115714.0,135,41,0.17318435754189945
Berkeley County,65914.5,37,24,0.1896551724137931
Berks County,72606.0,46,24,0.13333333333333333
Berkshire County,79525.0,20,15,0.28205128205128205
Bernalillo County,64537.0,132,53,0.17880794701986755
Berrien County,59298.5,29,20,0.24074074074074073
Bertie County,45389.0,1,1,1.0
Bethel Census Area,45833.0,1,1,1.0
Bexar County,60971.5,324,196,0.31215469613259667
Bibb County,45391.0,39,23,0.5
Bienville Parish,34770.0,1,1,0.8
Big Horn County,56634.5,0,0,0.0
Big Stone County,71000.0,0,0,0.0
Billings County,106964.0,0,0,0.0
Bingham County,64112.0,3,3,0.125
Black Hawk County,68282.5,29,18,0.13157894736842105
Blackford County,52172.0,2,1,0.25
Bladen County,44455.5,1,1,1.0
Blaine County,59291.0,1,1,0.0
Blair County,63840.5,21,8,0.23529411764705882
Blanco County,66178.0,0,0,0.5
Bland County,66473.5,0,0,0.0
Bleckley County,54129.0,1,1,0.6666666666666666
Bledsoe County,57202.0,0,0,0.3333333333333333
Blount County,67298.0,13,9,0.2571428571428571
Blue Earth County,74567.5,9,6,0.3125
Boise County,66304.0,0,0,1.0
Bolivar County,33455.5,4,3,0.875
Bollinger County,57438.0,0,0,0.0
Bon Homme County,68802.0,0,0,0.0
Bond County,79224.0,1,1,0.25
Bonner County,55114.0,0,0,0.2222222222222222
Bonneville County,71250.0,17,11,0.2857142857142857
Boone County,75097.0,54,43,0.24444444444444444
Borden County,96691.0,0,0,0.0
Bosque County,54926.0,1,0,0.0
Bossier Parish,58966.5,16,12,0.36363636363636365
Botetourt County,86096.0,2,2,0.0
Bottineau County,76042.0,0,0,0.0
Boulder County,113050.0,55,19,0.08955223880597014
Boundary County,59740.5,0,0,0.0
Bourbon County,57969.0,4,3,0.18181818181818182
Bowie County,56756.0,11,7,0.3333333333333333
Bowman County,90208.5,0,0,0.0
Box Butte County,67135.0,2,1,0.3333333333333333
Box Elder County,66284.0,6,3,0.09090909090909091
Boyd County,63094.5,10,7,0.2857142857142857
Boyle County,64236.0,3,2,0.42857142857142855
Bracken County,65500.0,0,0,0.0
Bradford County,63047.5,4,2,0.4444444444444444
Bradley County,56458.5,14,12,0.3333333333333333
Branch County,59498.5,4,3,0.3333333333333333
Brantley County,45183.0,0,0,0.3333333333333333
Braxton County,52063.0,0,0,1.0
Brazoria County,79213.5,28,22,0.1
Brazos County,60195.0,31,18,0.2564102564102564
Breathitt County,31533.0,1,1,0.42857142857142855
Breckinridge County,60947.0,0,0,0.5
Bremer County,82981.0,2,1,0.0
Brevard County,66591.0,100,78,0.2882882882882883
Brewster County,55486.0,2,1,0.0
Briscoe County,54200.0,0,0,0.0
Bristol Bay Borough,98472.0,0,0,0.0
Bristol County,80569.5,103,56,0.375
Bristol city,45045.5,4,3,0.75
Broadwater County,67309.0,0,0,0.0
Bronx County,41946.0,12,0,0.021406727828746176
Brooke County,61039.0,2,2,0.5
Brookings County,86085.0,4,4,0.3333333333333333
Brooks County,44609.0,2,2,0.14285714285714285
Broome County,65748.5,30,12,0.3333333333333333
Broomfield County,100884.0,15,10,0.06666666666666667
Broward County,65338.5,318,72,0.21388888888888888
Brown County,69386.0,62,35,0.19
Brule County,54509.0,0,0,0.0
Brunswick County,69892.5,15,14,0.19444444444444445
Bryan County,58958.0,6,4,0.17647058823529413
Buchanan County,57423.5,22,14,0.34210526315789475
Buckingham County,53685.0,0,0,0.25
Bucks County,102827.5,112,73,0.14084507042253522
Buena Vista County,69236.0,2,2,0.0
Buena Vista city,46216.0,1,1,1.0
Buffalo County,69185.0,7,6,0.11764705882352941
Bullitt County,70977.0,12,11,0.11764705882352941
Bulloch County,50171.5,6,3,0.5
Bullock County,33074.0,1,1,0.3333333333333333
Buncombe County,65656.0,36,26,0.19642857142857142
Bureau County,66663.0,3,3,0.3
Burke County,50951.0,9,8,0.36
Burleigh County,90313.0,14,8,0.3157894736842105
Burleson County,69464.0,1,1,0.0
Burlington County,97924.5,96,63,0.10526315789473684
Burnet County,64434.5,2,2,0.25
Burnett County,56461.0,0,0,0.0
Burt County,64200.0,0,0,0.0
Butler County,71601.0,107,77,0.27710843373493976
Butte County,61058.0,38,24,0.2830188679245283
Butts County,48147.0,1,1,0.6666666666666666
Cabarrus County,72197.0,28,19,0.1891891891891892
Cabell County,54163.0,19,6,0.35714285714285715
Cache County,66043.5,19,10,0.038461538461538464
Caddo County,56875.0,1,1,0.125
Caddo Parish,49487.0,51,33,0.5873015873015873
Calaveras County,78295.0,2,2,0.0
Calcasieu Parish,62011.5,38,20,0.2619047619047619
Caldwell County,54912.5,13,13,0.23333333333333334
Caldwell Parish,47500.0,0,0,0.6666666666666666
Caledonia County,66694.5,0,0,0.0
Calhoun County,54605.0,52,42,0.30526315789473685
Callahan County,60714.0,1,1,0.0
Callaway County,63285.5,2,2,0.25
Calloway County,64063.0,3,2,0.3333333333333333
Calumet County,76098.0,6,6,0.18181818181818182
Calvert County,117247.5,9,9,0.1111111111111111
Camas County,55875.0,0,0,0.0
Cambria County,60197.0,26,15,0.3333333333333333
Camden County,80565.5,110,55,0.2733333333333333
Cameron County,37476.0,65,35,0.2441860465116279
Cameron Parish,67125.0,0,0,0.0
Camp County,52838.0,1,1,0.3333333333333333
Campbell County,68791.0,30,21,0.32142857142857145
Canadian County,79238.0,21,14,0.034482758620689655
Candler County,32684.0,0,0,0.6666666666666666
Cannon County,63015.0,0,0,0.3333333333333333
Canyon County,52708.0,20,10,0.2413793103448276
Cape Girardeau County,63877.5,10,6,0.375
Cape May County,86823.0,22,18,0.15625
Carbon County,68556.0,8,6,0.1111111111111111
Caribou County,67430.5,0,0,0.0
Carlisle County,49318.0,0,0,0.0
Carlton County,70694.0,2,2,0.14285714285714285
Caroline County,70099.0,2,2,0.1875
Carroll County,69018.0,38,36,0.3025210084033613
Carson City,68750.0,10,5,0.0
Carson County,84482.0,0,0,0.0
Carter County,50096.0,16,14,0.18421052631578946
Carteret County,68019.0,21,15,0.027777777777777776
Carver County,118194.0,14,12,0.10526315789473684
Cascade County,60443.5,16,6,0.13636363636363635
Casey County,41750.0,0,0,0.2
Cass County,66462.0,52,25,0.14814814814814814
Cassia County,59875.0,1,0,0.16666666666666666
Castro County,49000.0,1,0,0.0
Caswell County,56814.0,0,0,0.6666666666666666
Catahoula Parish,59853.0,0,0,0.0
Catawba County,64185.0,20,19,0.41935483870967744
Catoosa County,70938.0,7,6,0.09090909090909091
Catron County,50286.0,0,0,0.0
Cattaraugus County,61808.5,4,2,0.5
Cavalier County,84596.0,0,0,0.0
Cayuga County,68977.0,7,2,0.2631578947368421
Cecil County,90313.0,7,7,0.3157894736842105
Cedar County,74062.0,2,1,0.1
Centre County,78025.5,14,7,0.25
Cerro Gordo County,73973.0,7,5,0.18181818181818182
Chaffee County,69258.0,2,1,0.2
Chambers County,53346.0,5,5,0.2857142857142857
Champaign County,71750.0,37,16,0.3469387755102041
Chariton County,58194.0,0,0,0.0
Charles City County,71923.0,0,0,0.0
Charles County,107331.0,19,15,0.1
Charles Mix County,54722.0,0,0,0.0
Charleston County,75647.0,65,32,0.27380952380952384
Charlevoix County,69583.0,2,0,0.0
Charlotte County,58038.0,34,28,0.14634146341463414
Charlottesville city,83681.0,9,3,0.36363636363636365
Charlton County,55700.0,0,0,0.5
Chase County,62309.5,0,0,0.0
Chatham County,60469.0,62,37,0.30864197530864196
Chattahoochee County,47187.5,3,3,0.25
Chattooga County,44836.5,3,3,0.16666666666666666
Chautauqua County,61944.0,16,7,0.37142857142857144
Chaves County,49273.5,9,7,0.0
Cheatham County,66583.0,2,1,0.0
Cheboygan County,55248.5,1,1,0.0
Chelan County,70132.5,7,5,0.2857142857142857
Chemung County,61328.0,13,6,0.23809523809523808
Chenango County,61030.0,0,0,0.25
Cherokee County,57750.0,39,36,0.2289156626506024
Cherry County,62656.0,0,0,0.0
Chesapeake city,89375.0,36,22,0.14634146341463414
Cheshire County,78500.0,6,5,0.125
Chester County,110000.0,97,76,0.17054263565891473
Chesterfield County,80320.0,68,55,0.14814814814814814
Cheyenne County,74177.0,2,0,0.0
Chickasaw County,64029.5,2,1,0.25
Chicot County,41239.5,2,1,0.75
Childress County,66271.5,1,1,0.5
Chilton County,54363.0,1,1,0.3333333333333333
Chippewa County,66055.0,9,7,0.19230769230769232
Chisago County,92055.0,5,5,0.4
Chittenden County,91239.0,20,10,0.2727272727272727
Choctaw County,48331.5,2,2,0.3333333333333333
Chouteau County,53902.5,0,0,0.0
Chowan County,56027.0,1,1,0.6666666666666666
Christian County,60467.0,21,13,0.21951219512195122
Churchill County,53333.0,3,2,0.14285714285714285
Cibola County,43906.0,3,2,0.42857142857142855
Cimarron County,57781.5,0,0,0.0
Citrus County,52390.0,15,14,0.4074074074074074
Clackamas County,89261.0,58,32,0.13924050632911392
Claiborne County,41542.0,0,0,0.25
Claiborne Parish,40179.0,1,1,0.4
Clallam County,67788.0,13,8,0.14285714285714285
Clare County,48021.0,1,0,0.18181818181818182
Clarendon County,48789.0,1,1,0.36363636363636365
Clarion County,59400.5,2,2,0.5
Clark County,67000.0,509,213,0.15295815295815296
Clarke County,56402.0,28,19,0.40425531914893614
Clatsop County,69714.0,4,1,0.18181818181818182
Clay County,63517.0,82,56,0.20714285714285716
Clayton County,49412.0,46,31,0.3090909090909091
Clear Creek County,72031.0,0,0,0.0
Clearfield County,58824.5,8,5,0.3
Clearwater County,55714.0,0,0,0.2
Cleburne County,51618.0,1,1,0.0
Clermont County,75625.0,29,27,0.28205128205128205
Cleveland County,65344.0,58,29,0.20238095238095238
Clinch County,36312.5,0,0,0.0
Clinton County,69044.0,36,23,0.30434782608695654
Cloud County,57232.5,2,1,0.0
Coahoma County,38489.0,2,1,0.42857142857142855
Coal County,54828.5,0,0,0.5
Cobb County,91001.5,119,88,0.14166666666666666
Cochise County,50560.5,17,13,0.21875
Cochran County,61667.0,0,0,0.0
Cocke County,43154.5,1,1,0.375
Coconino County,73735.5,15,10,0.17857142857142858
Codington County,73750.0,4,2,0.14285714285714285
Coffee County,52523.0,8,8,0.38235294117647056
Coffey County,73542.0,1,1,0.0
Coke County,59228.5,0,0,0.0
Colbert County,54211.5,8,6,0.42857142857142855
Cole County,68036.0,9,7,0.4
Coleman County,51476.0,1,1,0.0
Coles County,59583.5,10,7,0.5
Colfax County,57233.5,1,1,0.3333333333333333
Colleton County,48929.0,2,1,0.1111111111111111
Collier County,82583.0,65,37,0.2191780821917808
Collin County,109966.0,137,58,0.07236842105263158
Collingsworth County,50761.0,0,0,0.0
Colonial Heights city,55417.0,5,2,0.2
Colorado County,60089.0,1,1,0.0
Colquitt County,43201.5,4,3,0.4
Columbia County,71286.5,38,27,0.21875
Columbiana County,58345.0,11,9,0.2916666666666667
Columbus County,46171.0,1,1,0.5384615384615384
Colusa County,66389.0,2,2,0.0
Comal County,82800.0,10,8,0.08333333333333333
Comanche County,55744.0,23,11,0.2972972972972973
Concho County,57875.0,0,0,0.0
Concordia Parish,52988.0,2,2,0.4
Conecuh County,39970.0,0,0,0.2
Conejos County,47476.5,0,0,0.0
Contra Costa County,107756.0,181,96,0.13043478260869565
Converse County,76800.0,1,1,0.0
Conway County,53483.5,2,2,0.3333333333333333
Cook County,69250.0,745,167,0.20137299771167047
Cooke County,65574.5,4,2,0.25
Cooper County,65900.0,2,1,0.2
Coos County,57264.5,8,6,0.25
Coosa County,48015.0,0,0,0.0
Copiah County,52997.5,2,2,0.3333333333333333
Corson County,39980.5,0,0,0.0
Cortland County,68462.0,4,3,0.18181818181818182
Coryell County,56781.0,10,10,0.17647058823529413
Coshocton County,53956.0,3,2,0.6
Costilla County,33955.0,0,0,0.0
Cottle County,40469.0,0,0,0.0
Cotton County,58018.0,1,1,0.0
Cottonwood County,64817.5,0,0,0.0
Covington County,52036.0,4,2,0.16666666666666666
Covington city,54349.5,2,1,0.0
Coweta County,84398.5,13,13,0.35
Cowley County,58423.0,8,5,0.09090909090909091
Cowlitz County,62140.0,15,7,0.25
Craig County,50514.0,2,1,0.3333333333333333
Craighead County,53667.0,11,6,0.5294117647058824
Crane County,77440.0,1,1,0.0
Craven County,59888.0,12,9,0.2857142857142857
Crawford County,59021.0,34,25,0.2608695652173913
Creek County,60057.0,6,5,0.0
Crenshaw County,56770.0,0,0,0.0
Crisp County,41021.5,1,1,0.3333333333333333
Crittenden County,51277.5,15,7,0.25
Crockett County,53793.5,1,1,0.0
Crook County,62149.0,1,1,0.16666666666666666
Crosby County,44375.0,0,0,0.0
Cross County,49687.5,2,2,0.3333333333333333
Crow Wing County,68783.5,5,4,0.25
Crowley County,53750.0,0,0,0.0
Culberson County,39531.0,0,0,0.0
Cullman County,52394.0,3,2,0.2222222222222222
Culpeper County,80457.5,3,3,0.25
Cumberland County,66515.5,148,96,0.3347826086956522
Cuming County,68500.0,0,0,0.0
Currituck County,68250.0,0,0,0.0
Curry County,51146.0,10,8,0.17647058823529413
Custer County,62526.0,10,5,0.10526315789473684
Cuyahoga County,56451.5,333,100,0.2545871559633027
Dade County,57198.0,0,0,0.16666666666666666
Daggett County,96333.0,0,0,0.0
Dakota County,93398.0,89,56,0.1111111111111111
Dale County,57615.0,5,4,0.2857142857142857
Dallam County,69293.5,1,1,0.0
Dallas County,59443.0,456,186,0.21352313167259787
Dane County,95071.0,80,50,0.22772277227722773
Daniels County,70500.0,0,0,0.0
Danville city,45750.0,13,4,0.3333333333333333
Dare County,68323.0,5,4,0.1111111111111111
Darke County,62822.0,4,2,0.25
Darlington County,48095.5,5,4,0.6875
Dauphin County,70455.0,49,31,0.35384615384615387
Davidson County,62952.0,160,87,0.21465968586387435
Davie County,64635.0,3,3,0.2857142857142857
Daviess County,64806.0,20,8,0.28125
Davis County,88180.0,51,33,0.05357142857142857
Davison County,72553.5,3,2,0.25
Dawes County,63249.0,1,1,0.5
Dawson County,68821.0,9,7,0.23529411764705882
Day County,55302.0,0,0,0.0
De Baca County,60909.0,0,0,0.0
De Soto Parish,57500.0,1,1,0.5714285714285714
De Witt County,73696.0,2,0,0.0
DeKalb County,64077.0,151,89,0.35751295336787564
DeSoto County,62616.5,30,22,0.047619047619047616
DeWitt County,71354.0,0,0,0.2
Deaf Smith County,59883.0,3,3,0.25
Dearborn County,77722.0,5,5,0.2
Decatur County,55390.5,4,3,0.18181818181818182
Deer Lodge County,62292.0,2,0,0.3333333333333333
Defiance County,69330.0,5,4,0.4444444444444444
Del Norte County,47961.0,4,2,0.5714285714285714
Delaware County,80125.0,168,82,0.24034334763948498
Delta County,58800.0,5,3,0.2
Denali Borough,102500.0,0,0,0.0
Dent County,45080.5,2,1,0.25
Denton County,93750.0,114,59,0.072992700729927
Denver County,81746.0,116,25,0.2765957446808511
Des Moines County,67500.0,8,4,0.2727272727272727
Deschutes County,78113.5,14,11,0.16666666666666666
Desha County,42083.0,2,2,0.6
Deuel County,68934.0,0,0,0.0
Dewey County,61786.0,1,0,0.0
Dickens County,57292.0,0,0,0.0
Dickenson County,40900.5,0,0,1.0
Dickey County,75508.0,0,0,0.0
Dickinson County,66293.0,6,3,0.2777777777777778
Dickson County,62425.5,2,2,0.2
Dillingham Census Area,61640.0,0,0,1.0
Dillon County,38285.0,1,1,0.8333333333333334
Dimmit County,34324.0,1,1,1.0
Dinwiddie County,65874.5,2,1,0.3333333333333333
District of Columbia,111707.0,84,15,0.35260115606936415
Divide County,89375.0,0,0,0.0
Dixie County,42791.0,0,0,1.0
Dixon County,69661.5,0,0,0.0
Doddridge County,60944.5,0,0,0.0
Dodge County,67449.5,15,8,0.175
Dolores County,50792.0,0,0,0.0
Doniphan County,70417.0,0,0,0.0
Donley County,54375.0,0,0,0.0
Dooly County,43036.0,2,2,0.6666666666666666
Door County,72868.0,2,2,0.2222222222222222
Dorchester County,75738.5,22,17,0.23529411764705882
Dougherty County,41637.0,21,17,0.5925925925925926
Douglas County,76906.0,245,111,0.15915915915915915
Doña Ana County,42266.0,29,16,0.2926829268292683
Drew County,63229.0,1,1,0.2
DuPage County,107704.5,207,98,0.10185185185185185
Dubois County,74930.0,4,2,0.0
Dubuque County,72707.5,20,13,0.19230769230769232
Duchesne County,72670.0,1,1,0.0
Dukes County,93405.0,3,2,0.0
Dundy County,59271.0,0,0,0.0
Dunklin County,43633.0,4,3,0.3
Dunn County,73113.0,3,2,0.1111111111111111
Duplin County,53032.0,2,2,0.5454545454545454
Durham County,73125.0,47,29,0.40350877192982454
Dutchess County,99788.5,46,35,0.2236842105263158
Duval County,58623.0,159,90,0.42045454545454547
Dyer County,57891.0,3,3,0.25
Eagle County,94424.5,4,3,0.0
Early County,39444.0,0,0,0.0
East Baton Rouge Parish,64610.0,78,47,0.30337078651685395
East Carroll Parish,40517.0,2,2,0.3333333333333333
East Feliciana Parish,58901.0,0,0,0.4
Eastland County,43681.0,1,1,0.0
Eaton County,77956.0,18,13,0.14285714285714285
Eau Claire County,78855.5,16,12,0.35
Echols County,48699.5,0,0,0.0
Ector County,65549.0,25,10,0.17857142857142858
Eddy County,63343.0,7,6,0.38461538461538464
Edgar County,63802.0,2,2,0.4
Edgecombe County,46378.5,6,6,0.5
Edgefield County,56394.5,1,1,0.3333333333333333
Edmonson County,54167.0,0,0,0.3333333333333333
Edmunds County,76312.5,0,0,0.0
Edwards County,61257.5,0,0,0.0
Effingham County,73170.5,5,4,0.1111111111111111
El Dorado County,92255.0,20,16,0.09523809523809523
El Paso County,55764.0,244,124,0.14878892733564014
Elbert County,78138.5,1,1,0.3333333333333333
Elk County,67973.0,3,2,0.2
Elkhart County,64283.5,30,22,0.5277777777777778
Elko County,74493.5,5,1,0.07142857142857142
Elliott County,33926.0,0,0,0.0
Ellis County,79852.0,18,16,0.10256410256410256
Ellsworth County,68468.5,0,0,0.5
Elmore County,60813.0,6,5,0.3
Emanuel County,42026.5,1,1,0.6666666666666666
Emery County,66328.0,1,1,0.0
Emmet County,68842.5,5,2,0.0
Emmons County,62200.0,0,0,0.0
Emporia city,42979.0,2,0,0.5
Erath County,64978.0,4,4,0.25
Erie County,68951.0,241,130,0.4056603773584906
Escambia County,57982.0,65,48,0.25
Esmeralda County,45417.0,0,0,0.0
Essex County,70898.0,220,112,0.2041343669250646
Estill County,40833.5,0,0,0.5
Etowah County,52775.5,20,15,0.13333333333333333
Eureka County,90486.0,0,0,0.0
Evangeline Parish,40924.0,2,1,0.625
Evans County,50865.0,0,0,0.3333333333333333
Fairbanks North Star Borough,90813.0,12,7,0.21052631578947367
Fairfax County,140909.0,220,91,0.06666666666666667
Fairfax city,137763.0,4,1,0.2
Fairfield County,107915.5,182,107,0.19834710743801653
Fall River County,62778.0,1,1,0.0
Fallon County,81023.0,0,0,0.0
Falls Church city,195150.0,2,0,0.0
Falls County,56948.5,2,1,0.16666666666666666
Fannin County,62658.5,2,2,0.14285714285714285
Faribault County,68172.0,1,0,0.0
Faulk County,79150.0,0,0,0.0
Faulkner County,67823.0,15,10,0.24
Fauquier County,113889.0,3,3,0.0
Fayette County,63210.0,116,64,0.25125628140703515
Fentress County,40858.5,0,0,0.75
Fergus County,60782.0,1,1,0.5
Ferry County,53333.0,0,0,0.0
Fillmore County,70814.0,0,0,0.125
Finney County,65694.0,8,4,0.08333333333333333
Fisher County,59490.5,0,0,0.0
Flagler County,60574.0,15,14,0.1
Flathead County,69167.0,6,3,0.10526315789473684
Fleming County,52754.0,0,0,0.25
Florence County,55919.0,16,8,0.5
Floyd County,59603.5,32,21,0.31666666666666665
Fluvanna County,88572.0,1,1,0.0
Foard County,54306.0,0,0,0.0
Fond du Lac County,74766.5,13,8,0.3
Ford County,62211.0,6,4,0.08333333333333333
Forest County,50875.0,0,0,0.0
Forrest County,46313.0,12,6,0.4117647058823529
Forsyth County,77222.0,120,98,0.1897810218978102
Fort Bend County,92706.0,66,43,0.09333333333333334
Foster County,77891.0,0,0,0.0
Fountain County,61389.0,1,0,0.0
Franklin County,64158.0,308,159,0.2587991718426501
Franklin Parish,50927.5,1,1,0.3333333333333333
Franklin city,50240.5,2,2,0.5
Frederick County,105000.0,44,29,0.09333333333333334
Fredericksburg city,83712.0,5,2,0.4
Freeborn County,68391.5,4,3,0.3
Freestone County,61964.0,3,2,0.0
Fremont County,63529.0,12,9,0.14814814814814814
Fresno County,50662.0,153,47,0.18274111675126903
Frio County,45625.0,2,2,0.0
Frontier County,63571.0,0,0,0.0
Fulton County,67826.5,189,104,0.36693548387096775
Furnas County,62333.0,0,0,0.0
Gadsden County,49375.0,1,1,0.6666666666666666
Gage County,65924.0,3,2,0.0
Gaines County,62620.0,1,0,0.3333333333333333
Galax city,43204.5,2,0,0.0
Gallatin County,77833.0,7,6,0.038461538461538464
Gallia County,56140.0,1,1,0.42857142857142855
Galveston County,70820.5,55,37,0.2727272727272727
Garden County,64044.0,0,0,0.0
Garfield County,70583.5,13,7,0.07142857142857142
Garland County,52853.0,13,9,0.55
Garrard County,56138.5,0,0,0.5
Garrett County,60063.0,1,1,0.42857142857142855
Garvin County,52941.0,2,1,0.1111111111111111
Garza County,63184.0,1,1,0.0
Gasconade County,66758.0,1,0,0.0
Gaston County,57105.0,49,31,0.15384615384615385
Gates County,63333.0,0,0,0.3333333333333333
Geary County,51394.5,6,5,0.25
Geauga County,92877.0,7,7,0.42857142857142855
Gem County,48491.0,1,1,0.3333333333333333
Genesee County,58650.5,108,66,0.2777777777777778
Geneva County,50387.5,1,1,0.16666666666666666
Gentry County,55141.0,0,0,0.0
George County,54889.0,1,0,0.4
Georgetown County,52241.5,5,5,0.5
Gibson County,53217.5,7,6,0.2
Gila County,48587.5,6,5,0.25
Gilchrist County,57500.0,0,0,0.0
Giles County,56621.0,0,0,0.08333333333333333
Gillespie County,62454.0,0,0,0.4
Gilliam County,52917.0,0,0,0.0
Gilmer County,58125.0,3,3,0.42857142857142855
Gilpin County,90424.0,0,0,1.0
Glacier County,60815.0,1,1,0.0
Glades County,48984.0,1,1,0.3333333333333333
Gladwin County,51471.0,1,1,0.3333333333333333
Glascock County,52000.0,0,0,0.0
Glasscock County,75583.0,0,0,0.0
Glenn County,57973.0,3,2,0.16666666666666666
Gloucester County,95203.0,56,42,0.23943661971830985
Glynn County,56941.0,13,11,0.3333333333333333
Gogebic County,54167.0,2,0,0.2857142857142857
Golden Valley County,59323.5,0,0,0.0
Goliad County,77930.5,0,0,0.5
Gonzales County,60134.5,3,2,0.16666666666666666
Goochland County,102016.0,0,0,0.0
Goodhue County,85081.5,3,3,0.2
Gooding County,60619.5,0,0,0.0
Gordon County,48702.0,4,3,0.5555555555555556
Goshen County,67163.0,0,0,0.0
Gosper County,82697.0,0,0,0.0
Gove County,61778.0,0,0,0.0
Grady County,59285.0,5,3,0.125
Grafton County,77891.0,2,1,0.3157894736842105
Graham County,57083.5,4,3,0.21428571428571427
Grainger County,50746.0,0,0,0.2
Grand County,73061.0,1,1,0.2
Grand Forks County,71750.0,14,6,0.3333333333333333
Grand Isle County,85179.0,0,0,0.0
Grand Traverse County,74344.0,8,5,0.1875
Granite County,55691.0,0,0,0.0
Grant County,60611.0,25,20,0.21333333333333335
Grant Parish,54450.0,0,0,0.2
Granville County,61218.0,3,3,0.25
Gratiot County,57656.0,3,3,0.2222222222222222
Graves County,58281.0,2,2,0.1111111111111111
Gray County,61124.0,6,3,0.1111111111111111
Grays Harbor County,57014.5,7,5,0.1875
Grayson County,54816.5,12,11,0.23684210526315788
Greeley County,61347.0,0,0,0.0
Green County,67679.0,4,4,0.08333333333333333
Green Lake County,68387.0,2,1,0.16666666666666666
Greenbrier County,51649.0,2,2,0.7142857142857143
Greene County,60602.0,92,55,0.23756906077348067
Greenlee County,61555.0,1,0,0.0
Greensville County,56618.5,0,0,0.5
Greenup County,55369.0,5,4,0.0
Greenville County,66289.0,91,63,0.24324324324324326
Greenwood County,56800.0,6,4,0.29411764705882354
Greer County,57212.5,1,1,0.0
Gregg County,60884.0,20,14,0.5416666666666666
Gregory County,63082.5,0,0,0.0
Grenada County,44578.0,3,1,0.4
Griggs County,74722.0,0,0,0.0
Grimes County,62292.0,0,0,0.4
Grundy County,74758.5,7,7,0.13636363636363635
Guadalupe County,76107.5,19,13,0.06666666666666667
Guernsey County,56524.0,5,3,0.6
Guilford County,62671.5,103,56,0.22033898305084745
Gulf County,53333.0,0,0,0.0
Gunnison County,72965.5,1,0,0.0
Guthrie County,71544.0,0,0,0.0
Gwinnett County,72188.0,110,79,0.168141592920354
Haakon County,39861.0,0,0,0.0
Habersham County,55834.5,2,2,0.375
Haines Borough,76719.0,0,0,0.0
Hale County,54276.0,5,2,0.13333333333333333
Halifax County,45543.0,7,4,0.6666666666666666
Hall County,68988.0,31,21,0.09803921568627451
Hamblen County,53404.5,10,9,0.25
Hamilton County,70990.0,303,195,0.32132963988919666
Hamlin County,69220.5,0,0,0.0
Hampden County,67679.0,79,37,0.3592233009708738
Hampshire County,89215.5,22,19,0.5
Hampton County,43291.0,0,0,0.2
Hampton city,60795.0,33,15,0.30303030303030304
Hancock County,66538.0,27,22,0.2876712328767123
Hand County,72539.0,0,0,0.0
Hanover County,103036.0,12,11,0.043478260869565216
Hansford County,43600.0,0,0,0.0
Hanson County,76174.0,0,0,0.0
Haralson County,50304.0,1,1,0.4
Hardee County,48997.5,1,1,0.16666666666666666
Hardeman County,52522.0,0,0,0.2857142857142857
Hardin County,66083.0,27,22,0.18867924528301888
Harding County,52734.5,0,0,0.0
Hardy County,52571.0,0,0,0.3333333333333333
Harford County,105707.0,44,27,0.14035087719298245
Harlan County,35094.0,2,1,0.5
Harmon County,52396.0,0,0,0.0
Harnett County,56908.0,8,8,0.3333333333333333
Harney County,55507.0,1,1,0.0
Harper County,61023.0,0,0,0.0
Harris County,61201.0,659,269,0.15374841168996187
Harrison County,59375.0,54,41,0.2621359223300971
Harrisonburg city,61734.0,10,2,0.09090909090909091
Hart County,46954.0,0,0,0.6
Hartford County,90650.0,166,101,0.22727272727272727
Hartley County,66161.0,0,0,0.0
Harvey County,64937.5,3,1,0.16666666666666666
Haskell County,56438.0,1,1,0.0
Hawaii County,70536.0,13,11,0.24242424242424243
Hawkins County,49103.0,4,4,0.3076923076923077
Hayes County,64286.0,0,0,0.0
Hays County,83284.5,6,4,0.20833333333333334
Haywood County,59342.0,8,5,0.19047619047619047
Heard County,59276.0,0,0,0.3333333333333333
Hemphill County,67257.0,0,0,0.0
Hempstead County,53269.0,2,2,0.4
Henderson County,59293.0,24,15,0.2222222222222222
Hendricks County,85439.0,15,12,0.09523809523809523
Hendry County,44216.5,2,1,0.6666666666666666
Hennepin County,95140.5,231,112,0.1836734693877551
Henrico County,76365.0,55,29,0.2222222222222222
Henry County,62019.0,50,42,0.1941747572815534
Herkimer County,66342.0,7,3,0.3684210526315789
Hernando County,54433.5,31,25,0.13636363636363635
Hertford County,43827.0,1,1,0.6
Hettinger County,67839.5,0,0,0.0
Hickman County,52321.0,0,0,0.42857142857142855
Hickory County,49301.0,0,0,0.0
Hidalgo County,40042.0,96,67,0.34513274336283184
Highland County,55354.0,2,1,0.4
Highlands County,42747.5,13,9,0.2916666666666667
Hill County,59858.0,6,3,0.058823529411764705
Hillsborough County,71304.0,321,190,0.17391304347826086
Hillsdale County,55684.5,2,2,0.25
Hinds County,43265.5,56,35,0.328125
Hinsdale County,64196.0,0,0,0.0
Hitchcock County,56375.0,0,0,0.0
Hocking County,57578.0,1,1,0.42857142857142855
Hockley County,60719.0,3,3,0.14285714285714285
Hodgeman County,70938.0,0,0,0.0
Hoke County,49004.5,2,2,0.375
Holmes County,51806.0,2,2,0.8235294117647058
Holt County,67841.0,1,1,0.0
Honolulu County,100268.0,155,82,0.10526315789473684
Hood County,77083.5,4,3,0.1
Hood River County,71722.0,2,1,0.0
Hooker County,59167.0,0,0,0.0
Hoonah-Angoon Census Area,63672.0,0,0,0.5
Hopewell city,45219.5,5,4,0.3333333333333333
Hopkins County,58245.0,9,6,0.19047619047619047
Horry County,56180.5,43,24,0.12857142857142856
Hot Spring County,52665.0,3,3,0.42857142857142855
Hot Springs County,70459.5,1,0,0.0
Houghton County,61777.0,4,2,0.3
Houston County,54498.5,35,26,0.26666666666666666
Howard County,100587.5,73,41,0.19791666666666666
Howell County,45292.5,2,2,0.75
Hubbard County,65893.0,1,0,0.0
Hudson County,64384.5,28,3,0.0975609756097561
Hudspeth County,31165.0,0,0,0.0
Huerfano County,51968.5,1,0,0.0
Hughes County,59750.0,4,3,0.1111111111111111
Humboldt County,64396.0,19,8,0.18421052631578946
Humphreys County,47979.0,2,1,0.375
Hunt County,65679.0,6,5,0.21052631578947367
Hunterdon County,133807.0,11,9,0.038461538461538464
Huntingdon County,57827.5,1,0,0.08333333333333333
Huntington County,62647.0,5,4,0.3333333333333333
Huron County,60313.0,7,6,0.2
Hutchinson County,65281.5,5,2,0.0
Hyde County,54735.0,0,0,0.0
Iberia Parish,53710.0,9,4,0.5333333333333333
Iberville Parish,52159.0,2,1,0.42857142857142855
Ida County,73789.0,0,0,0.0
Idaho County,50861.0,0,0,0.2
Imperial County,45391.0,19,10,0.3333333333333333
Independence County,53414.5,1,1,0.25
Indian River County,60605.0,24,19,0.27586206896551724
Indiana County,61868.0,6,3,0.36363636363636365
Ingham County,66160.0,57,44,0.44285714285714284
Inyo County,69214.0,2,1,0.16666666666666666
Ionia County,61399.0,5,3,0.3333333333333333
Iosco County,50430.0,2,2,0.2222222222222222
Iowa County,75544.0,1,0,0.0
Iredell County,66016.0,22,17,0.045454545454545456
Irion County,76389.0,0,0,0.0
Iron County,56666.5,6,4,0.15
Iroquois County,62745.0,1,1,0.1111111111111111
Irwin County,48518.5,0,0,0.5
Isabella County,60995.0,5,2,0.15384615384615385
Isanti County,84418.5,3,3,0.125
Island County,76302.0,6,3,0.047619047619047616
Isle of Wight County,85500.0,3,3,0.125
Issaquena County,37222.0,0,0,0.0
Itasca County,61156.0,2,2,0.18181818181818182
Itawamba County,47237.0,1,1,0.2
Izard County,50579.5,0,0,0.25
Jack County,67250.0,1,1,0.0
Jackson County,58693.0,266,160,0.3073286052009456
Jackson Parish,47188.0,1,1,0.8
James City County,97036.0,9,7,0.18181818181818182
Jasper County,59133.0,25,16,0.21311475409836064
Jay County,60323.0,3,3,0.2857142857142857
Jeff Davis County,45764.5,1,1,0.5
Jefferson County,67478.0,584,325,0.2614795918367347
Jefferson Davis County,47083.0,0,0,0.6666666666666666
Jefferson Davis Parish,56676.0,4,2,0.5714285714285714
Jefferson Parish,65916.5,98,29,0.18548387096774194
Jenkins County,44124.0,0,0,0.5
Jennings County,60499.5,2,2,0.3333333333333333
Jerauld County,66406.0,0,0,0.0
Jerome County,52778.0,2,1,0.0
Jersey County,79824.0,1,1,0.16666666666666666
Jessamine County,60472.0,6,4,0.2222222222222222
Jewell County,51606.0,0,0,0.0
Jim Hogg County,43331.0,1,1,0.5
Jim Wells County,56563.0,5,5,0.5714285714285714
Jo Daviess County,72467.5,1,1,0.0
Johnson County,82118.0,167,82,0.1483050847457627
Johnston County,58938.5,6,4,0.17857142857142858
Jones County,61655.0,10,8,0.2727272727272727
Josephine County,50702.0,7,4,0.4375
Juab County,69194.5,1,1,0.0
Judith Basin County,58750.0,0,0,0.0
Juneau City and Borough,113768.5,2,2,0.3333333333333333
Juneau County,63456.0,1,1,0.0
Juniata County,63514.0,0,0,0.6
Kalamazoo County,72500.0,43,26,0.3333333333333333
Kalawao County,123750.0,0,0,0.0
Kalkaska County,54816.0,0,0,0.2
Kanabec County,65364.0,1,1,0.0
Kanawha County,56435.0,31,22,0.40384615384615385
Kandiyohi County,76500.5,6,4,0.25
Kane County,84255.0,76,42,0.19047619047619047
Kankakee County,69056.0,17,9,0.27586206896551724
Karnes County,61816.5,1,1,0.25
Kauai County,87724.0,6,6,0.23076923076923078
Kaufman County,71580.0,5,5,0.16666666666666666
Kay County,56667.0,9,7,0.36363636363636365
Kearney County,76479.5,1,0,0.0
Kearny County,57045.0,0,0,0.0
Keith County,63468.0,1,1,0.3333333333333333
Kemper County,33951.5,0,0,1.0
Kenai Peninsula Borough,79074.0,1,1,0.46153846153846156
Kendall County,96519.5,8,7,0.25
Kenedy County,40625.0,0,0,0.0
Kennebec County,66910.0,7,3,0.25806451612903225
Kenosha County,73013.0,28,19,0.3142857142857143
Kent County,72592.5,147,81,0.27941176470588236
Kenton County,73034.0,32,19,0.2926829268292683
Keokuk County,66484.5,0,0,0.0
Kern County,51577.0,121,44,0.19863013698630136
Kerr County,61271.0,2,2,0.1
Kershaw County,49091.0,6,6,0.13333333333333333
Ketchikan Gateway Borough,86411.5,2,0,0.25
Kewaunee County,75546.0,1,0,0.0
Keweenaw County,65125.0,0,0,0.0
Keya Paha County,55250.0,0,0,0.0
Kidder County,62132.0,0,0,0.0
Kimball County,61577.0,0,0,0.0
Kimble County,52310.5,1,0,0.0
King County,111393.0,316,134,0.16876574307304787
King George County,97099.0,1,1,0.2
King William County,77445.0,1,1,0.0
King and Queen County,64276.0,0,0,0.0
Kingfisher County,74281.5,1,1,0.0
Kingman County,69808.0,1,1,0.0
Kings County,65395.0,49,9,0.02600780234070221
Kingsbury County,70410.5,0,0,0.0
Kinney County,54083.0,1,1,0.0
Kiowa County,50048.0,1,0,0.0
Kit Carson County,64205.0,0,0,0.0
Kitsap County,82736.0,43,31,0.16981132075471697
Kittitas County,66837.0,3,3,0.125
Kittson County,73493.0,0,0,0.0
Klamath County,54587.5,10,5,0.15
Kleberg County,54063.0,4,4,0.6
Klickitat County,62730.0,0,0,0.0
Knott County,36786.0,0,0,1.0
Knox County,63992.0,117,87,0.2558139534883721
Kodiak Island Borough,83750.0,3,3,0.4
Koochiching County,63266.5,2,2,0.0
Kootenai County,66559.0,17,9,0.12
Kosciusko County,68310.0,6,5,0.15789473684210525
Kossuth County,66881.0,2,2,0.0
Kusilvak Census Area,35354.0,0,0,1.0
La Crosse County,75875.0,17,9,0.16
La Paz County,46908.0,1,0,0.2857142857142857
La Plata County,89567.0,4,3,0.0
La Salle County,53699.0,0,0,0.0
LaGrange County,69077.0,1,1,0.75
LaMoure County,76321.5,0,0,0.0
LaPorte County,62905.5,17,13,0.35714285714285715
LaSalle County,69804.0,16,11,0.17857142857142858
LaSalle Parish,51140.0,1,1,0.3333333333333333
Labette County,57647.5,3,2,0.0
Lac qui Parle County,66181.0,0,0,0.0
Lackawanna County,63252.0,38,14,0.288135593220339
Laclede County,56411.5,4,4,0.5
Lafayette County,65145.0,5,5,0.34615384615384615
Lafayette Parish,66234.5,36,20,0.40476190476190477
Lafourche Parish,61544.0,15,11,0.34782608695652173
Lake County,70500.0,331,224,0.2161520190023753
Lake and Peninsula Borough,48984.0,0,0,1.0
Lake of the Woods County,65363.0,0,0,0.0
Lamar County,56113.5,12,9,0.34615384615384615
Lamb County,52813.0,1,0,0.0
Lamoille County,70945.0,0,0,0.0
Lampasas County,71848.0,1,1,0.2
Lancaster County,72995.0,125,73,0.3825136612021858
Lander County,102390.0,0,0,0.0
Lane County,63859.0,55,29,0.19540229885057472
Langlade County,59918.5,2,2,0.3333333333333333
Lanier County,46863.0,0,0,0.5
Lapeer County,67500.0,5,4,0.13043478260869565
Laramie County,76842.0,17,15,0.05
Larimer County,85414.0,56,28,0.1527777777777778
Larue County,49654.5,1,1,0.25
Las Animas County,54435.0,3,0,0.16666666666666666
Lassen County,63750.0,1,1,0.1111111111111111
Latah County,65103.0,4,4,0.14285714285714285
Latimer County,49722.0,0,0,0.3333333333333333
Lauderdale County,57120.0,24,17,0.4489795918367347
Laurel County,49226.0,5,4,0.5384615384615384
Laurens County,49419.5,9,8,0.36666666666666664
Lavaca County,69535.5,1,1,0.16666666666666666
Lawrence County,55560.0,41,24,0.2571428571428571
Le Flore County,50370.0,3,3,0.16666666666666666
Le Sueur County,79085.5,1,1,0.0
Lea County,65443.0,13,7,0.05555555555555555
Leake County,45653.0,1,1,0.8
Leavenworth County,83209.5,10,9,0.3125
Lebanon County,74688.0,19,11,0.16129032258064516
Lee County,63085.0,187,139,0.2462686567164179
Leelanau County,73923.5,0,0,0.0
Leflore County,28296.0,5,5,0.625
Lehigh County,74776.0,53,27,0.18421052631578946
Lemhi County,53482.0,0,0,0.0
Lenawee County,59937.0,10,10,0.17391304347826086
Lenoir County,44247.0,10,7,0.5333333333333333
Leon County,64375.0,50,32,0.3188405797101449
Leslie County,36087.0,0,0,1.0
Letcher County,35781.0,0,0,0.42857142857142855
Levy County,47000.0,1,1,0.2222222222222222
Lewis County,56181.0,9,5,0.2222222222222222
Lewis and Clark County,81047.0,5,4,0.14285714285714285
Lexington County,70170.0,48,34,0.1506849315068493
Lexington city,69677.0,1,0,0.0
Liberty County,54882.0,10,8,0.25806451612903225
Licking County,75335.0,22,19,0.28125
Limestone County,60319.5,7,5,0.25
Lincoln County,63315.0,37,26,0.18620689655172415
Lincoln Parish,57546.5,6,5,0.4
Linn County,67295.0,51,32,0.2602739726027397
Lipscomb County,72795.0,0,0,0.0
Litchfield County,100357.0,24,17,0.17647058823529413
Little River County,57334.0,0,0,0.25
Live Oak County,61865.0,0,0,0.0
Livingston County,82891.0,40,32,0.13186813186813187
Livingston Parish,70345.0,8,8,0.5294117647058824
Llano County,62914.5,2,2,0.16666666666666666
Logan County,60150.0,16,12,0.40350877192982454
Long County,61889.0,0,0,0.5
Lonoke County,61237.5,6,4,0.125
Lorain County,68397.5,59,36,0.2777777777777778
Los Alamos County,140766.0,4,3,0.25
Los Angeles County,68750.0,1387,277,0.07270352633870265
Loudon County,60035.5,3,3,0.2
Loudoun County,153716.5,50,25,0.078125
Louisa County,72557.0,0,0,0.2222222222222222
Loup County,64375.0,0,0,0.0
Love County,68618.0,0,0,0.0
Loving County,101042.0,0,0,0.0
Lowndes County,50833.0,24,16,0.3488372093023256
Lubbock County,60447.0,51,18,0.1875
Lucas County,54959.5,104,38,0.34615384615384615
Luce County,55000.0,1,1,0.0
Lumpkin County,53889.5,0,0,0.25
Luna County,44979.0,4,3,0.8333333333333334
Lunenburg County,52793.0,0,0,0.3333333333333333
Luzerne County,63556.0,63,29,0.22330097087378642
Lycoming County,68317.0,16,9,0.3448275862068966
Lyman County,51267.5,0,0,0.0
Lynchburg city,50685.0,18,9,0.5263157894736842
Lynn County,52366.0,1,0,0.0
Lyon County,65915.0,12,8,0.16666666666666666
Mackinac County,52050.0,0,0,0.4
Macomb County,69630.0,194,88,0.19339622641509435
Macon County,53841.0,38,24,0.34328358208955223
Macoupin County,66042.0,4,1,0.07692307692307693
Madera County,64844.0,9,5,0.13043478260869565
Madison County,64545.0,200,141,0.27936507936507937
Madison Parish,35357.0,3,0,0.2
Magoffin County,38796.5,0,0,0.5
Mahaska County,64786.0,4,2,0.14285714285714285
Mahnomen County,54167.0,0,0,0.0
Mahoning County,49956.5,59,38,0.2714285714285714
Major County,63667.0,0,0,0.0
Malheur County,55417.0,2,1,0.14285714285714285
Manassas Park city,88589.5,2,2,0.0
Manassas city,78750.0,6,3,0.14285714285714285
Manatee County,64227.0,67,40,0.1794871794871795
Manistee County,59583.0,2,1,0.0
Manitowoc County,68284.0,12,9,0.2631578947368421
Marathon County,72695.0,14,9,0.18518518518518517
Marengo County,46246.5,1,1,0.3333333333333333
Maricopa County,70451.0,801,333,0.15282392026578073
Maries County,60128.0,0,0,0.3333333333333333
Marin County,144279.5,42,14,0.07407407407407407
Marinette County,56217.5,3,2,0.25
Marion County,53762.0,324,185,0.36423841059602646
Mariposa County,58838.0,0,0,0.0
Marlboro County,46250.0,2,2,0.5714285714285714
Marquette County,63050.0,10,5,0.10344827586206896
Marshall County,61159.0,28,25,0.27058823529411763
Martin County,68689.0,34,28,0.25925925925925924
Martinsville city,31438.0,5,3,0.6
Mason County,59375.0,11,7,0.1951219512195122
Massac County,53519.5,2,1,0.25
Matagorda County,56356.5,3,2,0.2
Matanuska-Susitna Borough,84345.5,7,7,0.041666666666666664
Mathews County,74974.0,0,0,0.0
Maui County,85442.5,22,15,0.08823529411764706
Maury County,63873.0,8,7,0.11764705882352941
Maverick County,42576.0,8,4,0.2222222222222222
Mayes County,55761.0,2,2,0.2222222222222222
McClain County,72122.0,1,1,0.16666666666666666
McCone County,59450.0,0,0,0.0
McCook County,73672.0,0,0,0.0
McCormick County,53750.0,0,0,0.6666666666666666
McCracken County,58571.0,14,13,0.5882352941176471
McCreary County,33856.5,0,0,0.5
McCulloch County,60833.0,1,1,0.3333333333333333
McCurtain County,43981.5,2,2,0.375
McDonald County,45989.0,0,0,0.75
McDonough County,63816.0,6,5,0.3333333333333333
McDowell County,44918.5,2,1,0.4444444444444444
McDuffie County,49211.0,0,0,0.4
McHenry County,96226.0,41,34,0.12962962962962962
McIntosh County,52810.0,2,2,0.1
McKean County,58636.5,4,1,0.25
McKenzie County,86488.5,0,0,0.0
McKinley County,33162.0,6,4,0.5294117647058824
McLean County,79234.0,28,14,0.2222222222222222
McLennan County,59911.0,33,27,0.32653061224489793
McLeod County,77262.0,4,4,0.2857142857142857
McMinn County,53421.0,3,3,0.4
McMullen County,72750.0,0,0,0.0
McNairy County,47404.0,1,1,0.2857142857142857
McPherson County,69318.0,4,2,0.2222222222222222
Meade County,68767.5,4,4,0.07142857142857142
Meagher County,50750.0,0,0,0.0
Mecklenburg County,74977.0,212,94,0.19665271966527198
Mecosta County,58854.5,2,2,0.4
Medina County,85729.0,24,19,0.15555555555555556
Meeker County,74540.5,2,1,0.16666666666666666
Meigs County,53566.0,2,2,0.3333333333333333
Mellette County,36979.0,0,0,0.0
Menard County,81842.5,1,1,0.0
Mendocino County,60517.5,8,3,0.15
Menifee County,47667.5,0,0,0.5
Menominee County,54805.0,2,2,0.3333333333333333
Merced County,52917.0,29,15,0.14285714285714285
Mercer County,69536.5,93,54,0.3680555555555556
Meriwether County,47191.0,0,0,1.0
Merrick County,69464.0,1,1,0.0
Merrimack County,91732.5,10,9,0.16666666666666666
Mesa County,67083.0,22,13,0.1724137931034483
Metcalfe County,44474.0,0,0,0.0
Miami County,70833.0,20,13,0.1282051282051282
Miami-Dade County,54006.5,343,65,0.1383399209486166
Middlesex County,114583.0,420,223,0.2161654135338346
Midland County,83172.0,31,17,0.2222222222222222
Mifflin County,54200.5,6,3,0.5833333333333334
Milam County,57441.0,2,2,0.0
Millard County,65147.0,0,0,0.0
Mille Lacs County,61118.0,1,1,0.2857142857142857
Miller County,52416.0,8,4,0.2777777777777778
Mills County,85142.0,2,1,0.0
Milwaukee County,58454.0,205,31,0.272108843537415
Miner County,64643.0,0,0,0.0
Mineral County,57028.0,3,3,0.3333333333333333
Mingo County,40508.0,1,1,1.0
Minidoka County,57931.0,2,2,0.0
Minnehaha County,77099.5,30,13,0.16666666666666666
Missaukee County,49788.0,0,0,0.0
Mississippi County,43801.0,8,4,0.1875
Missoula County,68231.0,12,5,0.2
Mitchell County,57577.5,4,3,0.3125
Mobile County,52224.0,81,43,0.21428571428571427
Modoc County,53930.0,1,0,0.0
Moffat County,65275.5,3,3,0.0
Mohave County,51832.0,29,23,0.37209302325581395
Moniteau County,63049.0,2,1,0.25
Monmouth County,119204.5,127,70,0.19718309859154928
Mono County,81161.0,1,1,0.0
Monona County,63047.0,1,0,0.0
Monongalia County,74044.0,14,8,0.34782608695652173
Monroe County,70238.5,217,138,0.34574468085106386
Montague County,59646.0,2,1,0.0
Montcalm County,54143.0,1,1,0.46153846153846156
Monterey County,77083.5,54,16,0.044444444444444446
Montezuma County,58692.0,1,1,0.0
Montgomery County,85451.5,662,366,0.20531400966183574
Montmorency County,49344.0,0,0,0.0
Montour County,79591.5,2,1,0.5
Montrose County,58578.5,4,3,0.1
Moody County,74704.0,0,0,0.0
Moore County,68822.5,11,9,0.3333333333333333
Mora County,32563.0,0,0,1.0
Morehouse Parish,46902.5,3,3,0.625
Morgan County,60831.5,36,24,0.26136363636363635
Morrill County,58290.0,0,0,0.0
Morris County,139875.0,94,59,0.11428571428571428
Morrison County,67839.0,2,2,0.125
Morrow County,65955.0,0,0,0.375
Morton County,86303.5,2,1,0.16666666666666666
Motley County,61912.0,0,0,0.0
Moultrie County,66122.0,1,0,0.25
Mountrail County,85536.0,0,0,0.0
Mower County,72907.0,7,3,0.09090909090909091
Muhlenberg County,52679.0,2,1,0.1111111111111111
Multnomah County,83542.0,114,23,0.16568047337278108
Murray County,55085.5,3,3,0.07142857142857142
Muscatine County,67943.5,6,3,0.0
Muscogee County,45979.0,48,20,0.4230769230769231
Muskegon County,61729.0,31,26,0.3333333333333333
Muskingum County,57631.0,9,8,0.3157894736842105
Muskogee County,54203.0,10,5,0.375
Musselshell County,51459.0,0,0,0.0
Nacogdoches County,53102.0,6,4,0.23076923076923078
Nance County,59737.0,0,0,0.0
Nantucket County,116447.0,3,1,0.0
Napa County,99286.0,25,7,0.07894736842105263
Nash County,63999.5,8,7,0.5555555555555556
Nassau County,130208.0,229,46,0.08362369337979095
Natchitoches Parish,46185.0,4,2,0.4444444444444444
Natrona County,75444.0,11,7,0.16666666666666666
Navajo County,47054.0,8,7,0.45161290322580644
Navarro County,59410.5,2,2,0.3
Nelson County,71486.0,1,0,0.3076923076923077
Nemaha County,70000.0,2,1,0.0
Neosho County,54922.0,3,1,0.4
Neshoba County,44234.0,2,0,0.5714285714285714
Ness County,59462.5,0,0,0.0
Nevada County,79479.0,11,11,0.13043478260869565
New Castle County,83560.0,106,61,0.23255813953488372
New Hanover County,74476.0,41,26,0.3488372093023256
New Haven County,85368.0,164,95,0.3544973544973545
New Kent County,95034.0,0,0,0.0
New London County,97443.5,43,35,0.171875
New Madrid County,39675.0,2,1,0.5
New York County,137917.0,0,0,0.0
Newaygo County,55338.0,1,1,0.09090909090909091
Newberry County,53216.5,2,2,0.25
Newport County,94562.5,18,10,0.13636363636363635
Newport News city,62096.0,39,18,0.2558139534883721
Newton County,53910.0,14,13,0.25
Nez Perce County,63535.5,7,4,0.0
Niagara County,68164.0,40,19,0.38333333333333336
Nicholas County,50592.0,0,0,0.4444444444444444
Nicollet County,82206.0,5,4,0.42857142857142855
Niobrara County,47083.0,0,0,0.0
Noble County,64261.0,6,3,0.23529411764705882
Nobles County,68789.5,3,2,0.16666666666666666
Nodaway County,63625.0,2,2,0.2
Nolan County,72250.0,3,1,0.2
Nome Census Area,61836.0,0,0,0.5
Norfolk County,124458.5,119,81,0.2923076923076923
Norfolk city,60000.0,66,24,0.2987012987012987
Norman County,66813.0,0,0,0.0
North Slope Borough,78490.5,0,0,1.0
Northampton County,78020.5,53,29,0.35526315789473684
Northumberland County,61630.0,5,3,0.3333333333333333
Northwest Arctic Borough,64073.0,1,0,0.5
Norton County,59038.0,0,0,0.0
Norton city,41652.0,1,1,1.0
Nottoway County,57288.0,0,0,0.6666666666666666
Nowata County,52352.0,1,1,0.25
Noxubee County,50924.0,1,0,0.6666666666666666
Nuckolls County,59618.0,0,0,0.0
Nueces County,63828.0,69,37,0.3037974683544304
Nye County,53857.0,6,6,0.3333333333333333
O'Brien County,68656.5,1,1,0.25
Oakland County,100250.0,301,168,0.11869436201780416
Obion County,53170.0,1,1,0.2
Ocean County,86146.0,109,87,0.2845528455284553
Oceana County,51576.0,1,1,0.14285714285714285
Ochiltree County,61638.0,2,0,0.0
Oconee County,67500.0,5,5,0.3333333333333333
Oconto County,62708.5,0,0,0.1
Ogemaw County,43750.0,0,0,0.14285714285714285
Ogle County,71386.0,4,3,0.18181818181818182
Oglethorpe County,54808.5,0,0,0.25
Ohio County,54827.0,15,6,0.2962962962962963
Okaloosa County,69653.0,37,25,0.24390243902439024
Okanogan County,53763.5,1,1,0.1
Okeechobee County,45313.0,6,6,0.09090909090909091
Okfuskee County,48367.0,1,0,0.0
Oklahoma County,57115.0,198,73,0.15319148936170213
Okmulgee County,52454.0,4,4,0.4
Oktibbeha County,62020.0,5,4,0.5
Oldham County,104743.0,6,6,0.06666666666666667
Oliver County,81652.0,0,0,0.0
Olmsted County,90238.0,23,12,0.18181818181818182
Oneida County,68354.0,36,17,0.26506024096385544
Onondaga County,73056.0,101,50,0.291970802919708
Onslow County,58176.0,19,17,0.3793103448275862
Ontario County,74266.0,10,4,0.36
Ontonagon County,52955.0,0,0,0.3333333333333333
Orange County,85492.0,720,261,0.1252676659528908
Orangeburg County,41180.0,8,8,0.7
Oregon County,41761.0,0,0,0.0
Orleans County,60323.5,3,2,0.35
Orleans Parish,48092.0,100,31,0.23076923076923078
Osage County,65487.5,4,3,0.2
Osborne County,66786.0,0,0,0.0
Osceola County,53200.0,33,23,0.32653061224489793
Oscoda County,48500.0,0,0,0.2
Oswego County,64286.0,7,4,0.3793103448275862
Otero County,49688.0,12,6,0.30434782608695654
Otoe County,82596.0,2,2,0.4
Otsego County,66321.0,8,6,0.4090909090909091
Ottawa County,74895.5,47,38,0.11842105263157894
Otter Tail County,68962.0,3,2,0.29411764705882354
Ouachita County,52117.0,3,3,0.8333333333333334
Ouachita Parish,50000.0,29,17,0.38461538461538464
Ouray County,74327.0,0,0,0.0
Outagamie County,76506.5,32,17,0.075
Overton County,49350.0,0,0,0.2857142857142857
Owen County,59568.5,0,0,0.0
Owsley County,44860.5,0,0,0.5
Owyhee County,50776.0,0,0,0.0
Oxford County,56953.0,2,2,0.23529411764705882
Ozark County,41169.0,0,0,0.5
Ozaukee County,103980.0,13,12,0.16666666666666666
Pacific County,57411.0,1,1,0.2857142857142857
Page County,58859.0,3,1,0.09090909090909091
Palm Beach County,73239.0,302,104,0.17933130699088146
Palo Alto County,65679.5,1,1,0.0
Palo Pinto County,60150.0,6,6,0.2222222222222222
Pamlico County,61683.0,0,0,0.25
Panola County,52670.5,2,2,0.3333333333333333
Park County,77143.0,6,3,0.06666666666666667
Parke County,58040.0,1,1,0.5
Parker County,82869.0,7,7,0.10526315789473684
Parmer County,61212.0,1,1,0.0
Pasco County,54178.0,111,73,0.19548872180451127
Pasquotank County,59903.5,4,4,0.5
Passaic County,73482.0,58,30,0.2222222222222222
Patrick County,55519.5,0,0,0.25
Paulding County,71089.5,15,15,0.125
Pawnee County,57639.5,2,2,0.0
Payette County,56631.5,2,2,0.0
Payne County,54938.0,9,7,0.17647058823529413
Peach County,50678.5,1,1,0.6666666666666666
Pearl River County,55717.0,2,1,0.2222222222222222
Pecos County,69499.5,3,2,0.0
Pembina County,81458.0,0,0,0.0
Pemiscot County,48586.0,3,2,0.3333333333333333
Pend Oreille County,57150.0,0,0,0.0
Pender County,67813.0,2,2,0.0
Pendleton County,51274.0,0,0,0.0
Pennington County,67008.5,17,12,0.2857142857142857
Penobscot County,57646.0,13,8,0.2391304347826087
Peoria County,64054.0,37,23,0.5
Pepin County,69857.0,0,0,0.5
Perkins County,72329.0,0,0,0.0
Perquimans County,54333.0,0,0,0.6666666666666666
Perry County,59335.0,7,5,0.35294117647058826
Pershing County,58819.0,0,0,0.0
Person County,62648.0,2,2,0.7142857142857143
Petersburg Borough,78482.0,0,0,1.0
Petersburg city,44635.0,10,9,0.7272727272727273
Petroleum County,62500.0,0,0,0.0
Pettis County,53257.0,7,4,0.36363636363636365
Phelps County,63367.0,6,5,0.23076923076923078
Philadelphia County,52500.0,156,11,0.2791327913279133
Phillips County,57235.0,3,2,0.5
Piatt County,82891.5,1,1,0.0
Pickaway County,73715.5,4,2,0.08333333333333333
Pickens County,63021.0,18,17,0.4358974358974359
Pickett County,48777.0,0,0,0.0
Pierce County,82891.0,153,97,0.13903743315508021
Pike County,54300.5,13,9,0.275
Pima County,61437.5,201,96,0.25
Pinal County,58566.0,49,43,0.17333333333333334
Pine County,58516.0,1,1,0.0
Pinellas County,66726.0,225,92,0.22633744855967078
Pipestone County,69583.0,1,0,0.0
Piscataquis County,51848.0,0,0,0.25
Pitkin County,109729.0,1,1,0.0
Pitt County,58004.0,23,15,0.46875
Pittsburg County,56880.0,4,3,0.16666666666666666
Pittsylvania County,53012.5,2,2,0.125
Piute County,44167.0,0,0,0.0
Placer County,98246.0,61,39,0.07142857142857142
Plaquemines Parish,46274.5,5,5,0.125
Platte County,84631.0,18,14,0.17857142857142858
Pleasants County,61663.0,0,0,0.5
Plumas County,70893.0,0,0,0.0
Plymouth County,103694.0,81,61,0.20192307692307693
Pocahontas County,57135.0,0,0,0.14285714285714285
Poinsett County,46765.0,2,1,0.42857142857142855
Pointe Coupee Parish,64682.0,3,2,0.16666666666666666
Polk County,60804.0,208,120,0.20123839009287925
Pondera County,60999.0,0,0,0.0
Pontotoc County,58598.5,5,3,0.25
Pope County,59139.0,5,5,0.23529411764705882
Poquoson city,104643.0,3,3,0.0
Portage County,72292.0,29,20,0.2653061224489796
Porter County,82809.0,22,18,0.1
Portsmouth city,57083.5,26,9,0.26666666666666666
Posey County,72155.0,3,2,0.0
Pottawatomie County,62746.5,8,5,0.15
Pottawattamie County,71679.5,17,7,0.1
Potter County,52905.0,26,12,0.23076923076923078
Powder River County,58438.0,0,0,0.0
Powell County,58058.5,0,0,0.5
Power County,59552.0,0,0,0.0
Poweshiek County,76667.0,2,1,0.0
Powhatan County,97176.0,0,0,0.0
Prairie County,55969.0,0,0,0.0
Pratt County,71761.0,2,2,0.0
Preble County,62323.0,4,2,0.08333333333333333
Prentiss County,45890.0,1,1,0.4
Presidio County,45338.0,1,1,0.0
Presque Isle County,55281.5,1,0,0.0
Preston County,60406.0,1,1,0.25
Price County,58172.0,0,0,0.16666666666666666
Prince Edward County,62987.5,0,0,0.75
Prince George County,74957.0,3,3,0.2857142857142857
Prince George's County,88114.0,178,85,0.18807339449541285
Prince William County,114711.5,76,42,0.036585365853658534
Prince of Wales-Hyder Census Area,65313.0,0,0,0.0
Providence County,70689.5,108,38,0.42857142857142855
Prowers County,48800.0,1,1,0.0
Pueblo County,52633.0,46,28,0.21153846153846154
Pulaski County,57628.5,90,69,0.4253731343283582
Pushmataha County,46446.0,0,0,0.6666666666666666
Putnam County,65148.0,39,35,0.26506024096385544
Quay County,31250.0,2,2,0.0
Queen Anne's County,108628.0,3,3,0.2727272727272727
Queens County,75844.0,72,7,0.0359375
Quitman County,38008.5,1,1,0.75
Rabun County,50000.0,0,0,0.2
Racine County,78646.0,34,18,0.2857142857142857
Radford city,58093.0,3,3,0.3333333333333333
Rains County,65307.0,0,0,0.0
Raleigh County,53276.0,12,10,0.5882352941176471
Ralls County,63709.0,0,0,0.0
Ramsey County,77099.0,108,46,0.2608695652173913
Randall County,89457.0,22,7,0.06896551724137931
Randolph County,56160.5,25,20,0.34285714285714286
Rankin County,70006.0,15,15,0.07692307692307693
Ransom County,68315.0,0,0,0.0
Rapides Parish,54041.5,18,16,0.53125
Rappahannock County,86812.5,0,0,0.0
Ravalli County,59668.5,0,0,0.1
Rawlins County,65882.0,0,0,0.0
Ray County,73074.5,1,1,0.5
Reagan County,74432.0,0,0,0.0
Real County,50000.0,0,0,0.0
Red Lake County,76291.0,0,0,0.0
Red River County,53791.0,1,1,0.0
Red River Parish,50286.5,0,0,0.5
Red Willow County,62112.0,2,2,0.3333333333333333
Redwood County,66065.0,2,1,0.0
Reeves County,54250.0,3,2,0.2
Refugio County,57083.5,0,0,0.0
Reno County,59483.0,9,4,0.23529411764705882
Rensselaer County,84338.5,24,15,0.2857142857142857
Renville County,73083.0,0,0,0.0
Republic County,66250.0,0,0,0.0
Reynolds County,52779.5,0,0,0.0
Rhea County,52691.0,2,2,0.5
Rice County,78709.5,9,6,0.3125
Rich County,63500.0,0,0,0.0
Richardson County,64563.0,1,0,0.0
Richland County,63068.5,108,75,0.373134328358209
Richland Parish,50354.0,2,1,0.16666666666666666
Richmond County,79075.0,112,44,0.2891566265060241
Richmond city,59340.5,52,22,0.40625
Riley County,64817.0,10,8,0.46153846153846156
Ringgold County,62972.0,0,0,0.0
Rio Blanco County,76479.0,0,0,0.0
Rio Grande County,54318.0,1,1,0.6666666666666666
Ripley County,61797.0,1,1,0.3
Ritchie County,53722.0,0,0,0.0
Riverside County,69570.0,375,194,0.08647450110864745
Roane County,59506.0,4,4,0.35714285714285715
Roanoke County,78865.0,13,8,0.2777777777777778
Roanoke city,52422.0,23,12,0.6956521739130435
Roberts County,69766.0,0,0,0.0
Robertson County,69525.5,6,3,0.3
Robeson County,40828.0,10,6,0.45161290322580644
Rock County,65435.0,28,23,0.3170731707317073
Rock Island County,61944.5,33,17,0.275
Rockbridge County,64184.5,0,0,0.25
Rockcastle County,49366.5,0,0,0.5
Rockdale County,69479.0,11,11,0.3333333333333333
Rockingham County,90444.0,55,47,0.19230769230769232
Rockland County,116773.0,55,40,0.2
Rockwall County,108750.0,7,6,0.09090909090909091
Roger Mills County,62813.0,0,0,0.0
Rogers County,74015.5,11,8,0.0
Rolette County,49126.5,0,0,0.5
Rooks County,60666.5,0,0,0.0
Roosevelt County,54367.5,3,3,0.25
Roscommon County,50978.0,1,1,0.1
Roseau County,69113.0,1,1,0.0
Rosebud County,59166.5,0,0,0.0
Ross County,64061.0,8,4,0.4117647058823529
Routt County,88482.5,2,2,0.0
Rowan County,58743.5,15,12,0.3235294117647059
Runnels County,53132.0,2,2,0.0
Rush County,60625.0,2,0,0.0
Rusk County,54808.5,5,4,0.16666666666666666
Russell County,48074.0,8,4,0.48148148148148145
Rutherford County,69353.0,36,22,0.16393442622950818
Rutland County,72650.0,7,6,0.25
Sabine County,48929.0,0,0,0.0
Sabine Parish,55500.0,1,1,0.42857142857142855
Sac County,69010.0,0,0,0.0
Sacramento County,72063.0,264,87,0.12063492063492064
Sagadahoc County,76667.5,3,3,0.375
Saginaw County,55968.5,35,25,0.39285714285714285
Saguache County,47638.0,0,0,0.5
Salem County,88155.0,11,8,0.25
Salem city,75799.0,5,3,0.4
Saline County,65292.0,29,20,0.2222222222222222
Salt Lake County,80188.0,184,57,0.11428571428571428
Saluda County,47528.0,0,0,0.4
Sampson County,50598.0,1,1,0.7272727272727273
San Augustine County,48523.0,0,0,0.0
San Benito County,91250.0,8,4,0.0
San Bernardino County,61729.5,297,144,0.1448087431693989
San Diego County,86167.0,469,180,0.06280193236714976
San Francisco County,124760.0,38,4,0.06282722513089005
San Jacinto County,56163.5,0,0,0.0
San Joaquin County,61522.0,99,34,0.1079136690647482
San Juan County,61234.5,19,13,0.21428571428571427
San Luis Obispo County,84629.5,38,20,0.11538461538461539
San Mateo County,132130.0,104,32,0.02564102564102564
San Miguel County,51147.0,4,2,0.18181818181818182
San Patricio County,62563.0,14,10,0.3125
San Saba County,55777.0,1,0,0.0
Sanborn County,68906.0,0,0,0.0
Sanders County,43902.0,0,0,0.0
Sandoval County,62250.0,18,16,0.07407407407407407
Sandusky County,61453.0,8,3,0.3333333333333333
Sangamon County,69808.0,41,18,0.28846153846153844
Sanilac County,53147.5,2,2,0.16666666666666666
Sanpete County,58029.0,2,1,0.0
Santa Barbara County,87516.0,61,25,0.09195402298850575
Santa Clara County,130000.0,279,63,0.0646900269541779
Santa Cruz County,97592.5,48,26,0.12903225806451613
Santa Fe County,75156.0,29,20,0.0
Santa Rosa County,69441.0,16,15,0.2
Sarasota County,72358.5,82,47,0.2127659574468085
Saratoga County,97798.0,23,17,0.10204081632653061
Sargent County,87307.0,0,0,0.0
Sarpy County,89250.0,38,26,0.046511627906976744
Sauk County,74543.0,6,3,0.15384615384615385
Saunders County,83125.0,2,2,0.0
Sawyer County,53062.0,1,1,0.16666666666666666
Schenectady County,81042.0,33,15,0.32558139534883723
Schleicher County,66712.0,0,0,0.0
Schley County,51609.0,0,0,0.0
Schoharie County,68977.0,1,1,0.2857142857142857
Schoolcraft County,60500.0,1,1,0.3333333333333333
Schuyler County,64091.0,1,0,0.1
Schuylkill County,64809.5,21,7,0.25
Scioto County,52363.0,8,4,0.45
Scotland County,49683.0,4,4,0.4444444444444444
Scott County,66015.5,76,38,0.24166666666666667
Scotts Bluff County,63179.0,6,1,0.09090909090909091
Screven County,55417.0,0,0,0.4
Scurry County,74071.5,1,1,0.5
Searcy County,41745.0,0,0,0.3333333333333333
Sebastian County,53185.0,20,9,0.2692307692307692
Sedgwick County,61699.0,103,58,0.248
Seminole County,68676.5,81,54,0.10204081632653061
Seneca County,65798.5,10,6,0.4166666666666667
Sequatchie County,55972.0,1,1,0.3333333333333333
Sequoyah County,47045.0,4,4,0.4444444444444444
Sevier County,55683.5,8,6,0.038461538461538464
Seward County,74432.0,6,3,0.1111111111111111
Shackelford County,54265.0,0,0,0.0
Shannon County,45793.0,0,0,0.5
Sharkey County,39768.5,0,0,0.5
Sharp County,42276.0,1,1,0.25
Shasta County,61376.0,27,18,0.16666666666666666
Shawano County,66645.0,2,1,0.09090909090909091
Shawnee County,66563.0,33,19,0.2558139534883721
Sheboygan County,73815.5,12,6,0.15384615384615385
Shelby County,61936.5,242,136,0.29354838709677417
Shenandoah County,72000.0,1,1,0.3333333333333333
Sherburne County,96346.0,3,3,0.2727272727272727
Sheridan County,72774.0,4,3,0.07692307692307693
Sherman County,64188.0,1,1,0.0
Shiawassee County,66856.0,10,8,0.29411764705882354
Shoshone County,51607.0,1,1,0.0
Sibley County,72653.0,0,0,0.0
Sierra County,40339.0,1,1,0.4
Silver Bow County,56077.0,6,1,0.25
Simpson County,51676.0,2,2,0.3333333333333333
Sioux County,73138.0,2,0,0.0
Siskiyou County,50730.5,3,2,0.21428571428571427
Sitka City and Borough,89518.5,2,1,0.5
Skagit County,72105.0,17,11,0.13793103448275862
Skagway Municipality,84688.0,0,0,0.0
Skamania County,66250.0,0,0,0.0
Slope County,74107.0,0,0,0.0
Smith County,63264.0,28,15,0.12
Smyth County,47955.0,1,1,0.7777777777777778
Snohomish County,93536.0,115,70,0.0738255033557047
Snyder County,60450.0,1,0,0.42857142857142855
Socorro County,45458.0,3,3,0.16666666666666666
Solano County,84685.0,73,34,0.06382978723404255
Somerset County,92931.5,69,46,0.24107142857142858
Somervell County,52272.0,0,0,0.0
Sonoma County,93681.0,65,26,0.08080808080808081
Southampton County,64583.0,0,0,0.25
Southeast Fairbanks Census Area,74283.0,0,0,0.5
Spalding County,43345.0,7,6,0.5
Spartanburg County,59368.0,48,39,0.3188405797101449
Spencer County,74271.0,0,0,0.0
Spink County,67019.0,0,0,0.0
Spokane County,68393.0,79,33,0.10476190476190476
Spotsylvania County,95827.0,18,16,0.03333333333333333
St. Bernard Parish,53438.0,13,6,0.0
St. Charles County,95452.0,71,50,0.10256410256410256
St. Charles Parish,75800.0,9,8,0.15384615384615385
St. Clair County,68750.0,77,61,0.352
St. Croix County,95044.5,5,5,0.07142857142857142
St. Francis County,41997.5,2,2,0.8333333333333334
St. Francois County,55282.0,6,4,0.45454545454545453
St. Helena Parish,53707.0,0,0,1.0
St. James Parish,57829.0,5,3,0.42857142857142855
St. John the Baptist Parish,56563.0,8,7,0.2727272727272727
St. Johns County,98011.0,27,23,0.15384615384615385
St. Joseph County,57304.0,66,39,0.1978021978021978
St. Landry Parish,42481.0,10,5,0.3684210526315789
St. Lawrence County,59348.0,7,6,0.36
St. Louis County,77997.0,228,123,0.29924242424242425
St. Louis city,46004.5,81,11,0.4807692307692308
St. Lucie County,54643.0,41,32,0.37209302325581395
St. Martin Parish,58750.0,3,3,0.18181818181818182
St. Mary Parish,48920.5,12,7,0.1875
St. Mary's County,107745.0,7,6,0.35294117647058826
St. Tammany Parish,76712.5,29,25,0.16666666666666666
Stafford County,115673.0,18,13,0.03571428571428571
Stanislaus County,60999.5,71,20,0.1702127659574468
Stanley County,80278.0,0,0,0.0
Stanly County,59662.0,3,2,0.15384615384615385
Stanton County,70000.0,0,0,0.0
Stark County,65170.0,75,44,0.2604166666666667
Starke County,57969.0,1,0,0.0
Starr County,29726.0,7,6,0.26666666666666666
Staunton city,65803.0,4,0,0.16666666666666666
Ste. Genevieve County,70503.0,1,1,0.0
Stearns County,76115.0,16,10,0.2413793103448276
Steele County,79457.0,5,3,0.2222222222222222
Stephens County,55152.0,10,8,0.3684210526315789
Stephenson County,64918.0,6,1,0.23076923076923078
Sterling County,68411.0,0,0,0.0
Steuben County,61708.0,14,7,0.20512820512820512
Stevens County,61117.0,3,2,0.0
Stewart County,50571.0,0,0,0.4
Stillwater County,73646.0,0,0,0.0
Stoddard County,53597.0,2,1,0.125
Stokes County,55450.0,1,1,0.2222222222222222
Stone County,51051.5,2,2,0.25
Stonewall County,74167.0,0,0,0.0
Storey County,69327.0,0,0,0.0
Story County,81803.0,13,8,0.2631578947368421
Strafford County,87091.0,13,10,0.28
Stutsman County,78668.0,2,1,0.16666666666666666
Sublette County,89993.5,0,0,0.0
Suffolk County,107513.5,370,176,0.19215686274509805
Suffolk city,85408.5,17,13,0.17857142857142858
Sullivan County,61393.0,33,24,0.2891566265060241
Sully County,79643.0,0,0,0.0
Summers County,45759.0,1,1,0.25
Summit County,69825.0,126,71,0.31125827814569534
Sumner County,72040.0,22,20,0.041666666666666664
Sumter County,50438.0,20,12,0.4117647058823529
Sunflower County,42841.0,3,2,0.5714285714285714
Surry County,57629.5,6,4,0.2916666666666667
Susquehanna County,66857.0,3,3,0.09090909090909091
Sussex County,84854.0,50,43,0.05102040816326531
Sutter County,64489.0,15,9,0.09523809523809523
Sutton County,63849.0,1,1,0.0
Suwannee County,50200.0,0,0,0.42857142857142855
Swain County,44325.0,0,0,0.25
Sweet Grass County,67007.0,0,0,0.0
Sweetwater County,84078.0,6,4,0.08333333333333333
Swift County,66160.5,1,0,0.0
Swisher County,53152.0,1,0,0.0
Switzerland County,57206.0,0,0,0.0
Talbot County,76375.0,3,3,0.23076923076923078
Taliaferro County,42292.0,0,0,0.0
Talladega County,49460.5,9,6,0.4090909090909091
Tallahatchie County,39561.0,1,0,0.25
Tallapoosa County,54317.0,1,1,0.7
Tama County,70953.0,1,1,0.0
Taney County,50810.5,5,5,0.4
Tangipahoa Parish,56830.0,11,10,0.631578947368421
Taos County,47001.5,1,1,0.3333333333333333
Tarrant County,70990.0,323,186,0.17183098591549295
Tate County,54256.0,1,1,0.4
Tattnall County,54238.0,1,1,0.6
Taylor County,53069.5,32,16,0.23333333333333334
Tazewell County,66579.0,24,18,0.3170731707317073
Tehama County,55443.0,4,4,0.5454545454545454
Telfair County,39432.0,1,1,0.3333333333333333
Teller County,71280.5,2,1,0.0
Tensas Parish,35707.0,0,0,0.0
Terrebonne Parish,56618.0,12,8,0.5238095238095238
Terrell County,46250.0,1,1,0.2
Terry County,56354.0,2,2,0.3333333333333333
Teton County,84143.0,1,1,0.0
Texas County,55571.0,2,1,0.3333333333333333
Thayer County,65731.0,0,0,0.0
Thomas County,53461.5,5,5,0.35714285714285715
Throckmorton County,64231.0,0,0,0.0
Thurston County,80893.0,33,23,0.17647058823529413
Tift County,46011.0,3,3,0.4444444444444444
Tillamook County,59692.0,0,0,0.25
Tillman County,53875.0,2,0,0.0
Tioga County,63281.5,4,2,0.25
Tippah County,45052.0,1,0,0.5
Tippecanoe County,64183.5,29,19,0.29411764705882354
Tipton County,63408.0,2,1,0.11764705882352941
Tishomingo County,47207.0,0,0,0.5
Titus County,49375.5,3,2,0.125
Todd County,59158.5,1,1,0.42857142857142855
Tolland County,110159.0,15,12,0.21428571428571427
Tom Green County,59968.0,20,11,0.3333333333333333
Tompkins County,80438.5,9,7,0.5454545454545454
Tooele County,75662.5,6,4,0.3
Toole County,64834.5,0,0,0.5
Toombs County,45747.0,1,1,0.5
Torrance County,53940.5,0,0,0.0
Towner County,71920.0,0,0,0.0
Towns County,54550.0,0,0,0.0
Traill County,80186.0,0,0,0.0
Transylvania County,52113.0,2,2,0.2857142857142857
Traverse County,62098.5,0,0,0.0
Travis County,87240.0,178,75,0.15165876777251186
Treasure County,47143.0,0,0,0.0
Trego County,70521.0,0,0,0.0
Trempealeau County,69296.5,1,1,0.125
Treutlen County,46357.5,1,1,0.5
Trigg County,60793.0,0,0,0.3333333333333333
Trimble County,57921.5,0,0,1.0
Trinity County,51317.0,1,1,0.2
Tripp County,61655.5,1,0,0.0
Troup County,56449.0,5,3,0.5
Trousdale County,56830.5,0,0,0.0
Trumbull County,58819.0,38,25,0.21818181818181817
Tucker County,60278.0,0,0,0.0
Tulare County,47708.0,51,20,0.12987012987012986
Tulsa County,62353.5,151,67,0.21264367816091953
Tunica County,40146.0,1,1,1.0
Tuolumne County,70389.0,4,3,0.2
Turner County,57325.5,1,1,0.25
Tuscaloosa County,64236.5,29,15,0.17391304347826086
Tuscarawas County,61534.0,7,5,0.38095238095238093
Tuscola County,59736.0,2,2,0.23076923076923078
Twiggs County,49027.5,0,0,1.0
Twin Falls County,62318.0,7,4,0.14285714285714285
Tyler County,58026.5,1,1,0.25
Tyrrell County,49808.0,0,0,0.0
Uinta County,62445.0,0,0,0.3333333333333333
Uintah County,71413.0,3,3,0.0
Ulster County,79167.0,21,17,0.3191489361702128
Umatilla County,61883.0,7,7,0.4
Unicoi County,50897.5,1,0,0.5
Union County,68125.0,137,70,0.17316017316017315
Union Parish,57027.5,1,1,0.5
Upshur County,57895.0,3,2,0.3076923076923077
Upson County,49806.0,2,2,0.2857142857142857
Upton County,72028.5,0,0,0.0
Utah County,78938.0,112,65,0.015748031496062992
Uvalde County,53859.0,3,2,0.4
Val Verde County,50236.0,7,6,0.5555555555555556
Valdez-Cordova Census Area,103300.0,0,0,0.6666666666666666
Valencia County,47149.5,12,11,0.1111111111111111
Valley County,68099.0,1,0,0.125
Van Buren County,58146.0,3,3,0.25
Van Wert County,58304.0,5,2,0.1111111111111111
Van Zandt County,60735.0,5,4,0.2
Vance County,48599.5,5,2,0.6
Vanderburgh County,53424.0,45,23,0.375
Venango County,59318.5,6,3,0.1875
Ventura County,93724.5,125,53,0.06976744186046512
Vermilion County,55406.0,13,8,0.375
Vermilion Parish,62017.0,4,2,0.25
Vermillion County,62548.0,1,0,0.0
Vernon County,54826.0,3,3,0.46153846153846156
Vernon Parish,53510.0,5,5,0.45454545454545453
Victoria County,69028.0,15,6,0.13636363636363635
Vigo County,50710.0,18,15,0.37037037037037035
Vilas County,53079.0,0,0,0.0
Vinton County,60694.0,0,0,0.6666666666666666
Virginia Beach city,82663.5,85,34,0.08163265306122448
Volusia County,58032.0,95,60,0.19469026548672566
Wabash County,62452.0,7,5,0.25
Wabasha County,79563.0,2,1,0.0
Wabaunsee County,73001.0,0,0,0.0
Wadena County,61350.0,0,0,0.0
Wagoner County,73228.5,12,11,0.09090909090909091
Wahkiakum County,62801.0,0,0,0.0
Wake County,98642.0,165,89,0.13043478260869565
Wakulla County,71628.5,0,0,0.25
Waldo County,59267.5,1,1,0.375
Walker County,54567.0,12,11,0.1951219512195122
Walla Walla County,67721.0,9,3,0.18181818181818182
Wallace County,83586.0,0,0,0.0
Waller County,68295.0,1,1,0.4
Wallowa County,62212.0,0,0,0.0
Walsh County,72268.0,2,0,0.0
Walthall County,38280.0,0,0,0.6666666666666666
Walton County,65988.0,10,10,0.23076923076923078
Walworth County,69552.5,14,11,0.2916666666666667
Wapello County,53289.0,8,7,0.5454545454545454
Ward County,86575.5,11,4,0.125
Ware County,45583.0,5,4,0.5555555555555556
Warren County,73478.0,91,65,0.32748538011695905
Warrick County,83598.0,6,5,0.09090909090909091
Wasatch County,86879.5,4,3,0.0
Wasco County,58581.5,5,2,0.0
Waseca County,67500.0,2,2,0.0
Washakie County,67254.0,2,0,0.0
Washburn County,62188.0,0,0,0.2
Washington County,72772.0,322,200,0.25830258302583026
Washington Parish,44821.0,3,1,0.5454545454545454
Washita County,66358.5,1,1,0.0
Washoe County,75326.5,91,44,0.14150943396226415
Washtenaw County,99750.0,75,38,0.21505376344086022
Watauga County,70313.0,3,1,0.15384615384615385
Watonwan County,69615.0,1,0,0.0
Waukesha County,105299.0,74,56,0.19767441860465115
Waupaca County,72226.0,3,3,0.16666666666666666
Waushara County,62054.0,1,1,0.42857142857142855
Wayne County,51333.0,524,168,0.303475935828877
Waynesboro city,57279.0,4,2,0.2
Weakley County,51716.0,3,3,0.3
Webb County,35767.5,42,19,0.1
Weber County,69466.0,42,23,0.12
Webster County,51805.5,7,6,0.23529411764705882
Webster Parish,39833.0,6,5,0.36363636363636365
Weld County,82134.5,50,29,0.05263157894736842
Wells County,75819.0,4,4,0.2222222222222222
West Baton Rouge Parish,73323.0,3,2,0.2
West Carroll Parish,46208.0,0,0,0.0
West Feliciana Parish,73125.0,0,0,0.0
Westchester County,110617.5,138,57,0.14678899082568808
Westmoreland County,69254.0,68,47,0.3076923076923077
Weston County,75669.0,1,1,0.0
Wetzel County,57039.0,2,2,0.2
Wexford County,51358.0,4,2,0.25
Wharton County,53278.0,2,2,0.09090909090909091
Whatcom County,77428.0,18,12,0.3939393939393939
Wheatland County,45729.0,0,0,0.0
Wheeler County,48500.0,0,0,0.16666666666666666
White County,60172.0,10,6,0.24324324324324326
White Pine County,63889.0,1,1,0.0
Whiteside County,68422.5,11,8,0.1111111111111111
Whitfield County,56208.0,10,6,0.2222222222222222
Whitley County,59038.0,3,1,0.26666666666666666
Whitman County,71797.5,7,5,0.4
Wibaux County,53333.0,0,0,0.0
Wichita County,57756.0,28,19,0.1891891891891892
Wicomico County,66602.0,12,9,0.3684210526315789
Wilbarger County,56771.0,3,3,0.0
Wilcox County,43821.5,0,0,0.375
Wilkes County,51231.0,2,2,0.3333333333333333
Wilkin County,70393.5,1,0,0.0
Wilkinson County,42115.0,0,0,0.6
Will County,92490.5,131,84,0.11333333333333333
Willacy County,40341.0,3,3,0.0
Williams County,70264.5,8,5,0.1875
Williamsburg County,47444.0,0,0,0.6
Williamsburg city,75485.0,3,2,0.3333333333333333
Williamson County,92419.0,109,93,0.12056737588652482
Wilson County,64107.0,24,17,0.2
Winchester city,76983.0,5,3,1.0
Windham County,75966.0,13,6,0.2558139534883721
Windsor County,72229.0,2,2,0.16666666666666666
Winkler County,71974.0,2,0,0.0
Winn Parish,47009.0,1,0,0.25
Winnebago County,64336.0,100,53,0.18487394957983194
Winneshiek County,74931.0,2,2,0.0
Winona County,76345.0,6,3,0.3
Winston County,48773.0,1,1,0.5
Wirt County,49899.5,0,0,0.0
Wise County,56923.5,5,5,0.45454545454545453
Wolfe County,35105.5,0,0,1.0
Wood County,65081.5,46,28,0.2125
Woodbury County,60526.0,15,9,0.16
Woodford County,80491.0,8,7,0.17647058823529413
Woodruff County,47488.5,0,0,1.0
Woods County,74583.0,1,0,0.0
Woodson County,50436.5,0,0,0.0
Woodward County,69643.0,2,2,0.2
Worcester County,88750.0,134,90,0.32972972972972975
Worth County,60707.0,0,0,0.2222222222222222
Wrangell City and Borough,71923.0,0,0,0.0
Wright County,81548.0,11,10,0.34615384615384615
Wyandot County,65485.0,2,1,0.0
Wyandotte County,43899.0,50,28,0.19672131147540983
Wyoming County,67720.0,2,2,0.4583333333333333
Wythe County,60271.0,1,1,0.3333333333333333
Yadkin County,54514.0,1,1,0.42857142857142855
Yakima County,55425.0,28,10,0.1111111111111111
Yakutat City and Borough,75833.0,0,0,0.0
Yalobusha County,46875.0,1,1,0.3333333333333333
Yamhill County,70408.0,9,6,0.11764705882352941
Yancey County,50750.0,0,0,0.2
Yankton County,69940.0,2,2,0.2
Yates County,66369.0,0,0,0.8
Yavapai County,60325.5,22,20,0.16666666666666666
Yazoo County,44227.0,3,2,0.3333333333333333
Yell County,44420.5,1,1,0.0
Yellow Medicine County,70394.0,0,0,0.0
Yellowstone County,74751.5,26,14,0.21875
Yoakum County,73837.5,1,1,0.0
Yolo County,102425.0,29,6,0.0975609756097561
York County,75560.0,122,90,0.22279792746113988
Young County,61157.5,2,2,0.0
Yuba County,53592.5,7,5,0.35714285714285715
Yukon-Koyukuk Census Area,48399.5,0,0,1.0
Yuma County,47411.0,38,17,0.07407407407407407
Zapata County,33438.0,2,1,0.3333333333333333
Zavala County,35536.0,1,1,1.0
Ziebach County,38068.0,0,0,0.0
